z, Voltage (V), Electric Field (Newton/Coulomb)
0.00796352 , 1000 , -0
0.00795852 , 999.946 , -14337.2
0.00795352 , 999.865 , -18063.1
0.00794852 , 999.767 , -20677.3
0.00794352 , 999.659 , -22758.5
0.00793852 , 999.54 , -24515.9
0.00793352 , 999.414 , -26051.8
0.00792852 , 999.28 , -27425.5
0.00792352 , 999.14 , -28673.9
0.00791852 , 998.994 , -29821.9
0.00791352 , 998.842 , -30887.9
0.00790852 , 998.685 , -31885
0.00790352 , 998.523 , -32823.4
0.00789852 , 998.357 , -33710.8
0.00789352 , 998.186 , -34554
0.00788852 , 998.011 , -35357.9
0.00788352 , 997.832 , -36126.7
0.00787852 , 997.65 , -36864.2
0.00787352 , 997.464 , -37573.3
0.00786852 , 997.274 , -38256.5
0.00786352 , 997.081 , -38916.3
0.00785852 , 996.885 , -39554.4
0.00785352 , 996.686 , -40172.6
0.00784852 , 996.483 , -40772.2
0.00784352 , 996.278 , -41354.8
0.00783852 , 996.07 , -41921.4
0.00783352 , 995.859 , -42473
0.00782852 , 995.645 , -43010.7
0.00782352 , 995.429 , -43535.3
0.00781852 , 995.21 , -44047.5
0.00781352 , 994.988 , -44548.1
0.00780852 , 994.764 , -45037.7
0.00780352 , 994.538 , -45516.8
0.00779852 , 994.309 , -45986.1
0.00779352 , 994.078 , -46446
0.00778852 , 993.845 , -46897
0.00778352 , 993.609 , -47339.4
0.00777852 , 993.371 , -47773.7
0.00777352 , 993.131 , -48200.3
0.00776852 , 992.889 , -48619.4
0.00776352 , 992.645 , -49031.5
0.00775852 , 992.399 , -49436.7
0.00775352 , 992.151 , -49835.5
0.00774852 , 991.901 , -50227.9
0.00774352 , 991.649 , -50614.2
0.00773852 , 991.395 , -50994.8
0.00773352 , 991.139 , -51369.8
0.00772852 , 990.881 , -51739.4
0.00772352 , 990.621 , -52103.8
0.00771852 , 990.36 , -52463.1
0.00771352 , 990.097 , -52817.6
0.00770852 , 989.832 , -53167.4
0.00770352 , 989.565 , -53512.6
0.00769852 , 989.297 , -53853.5
0.00769352 , 989.026 , -54190.1
0.00768852 , 988.755 , -54522.6
0.00768352 , 988.481 , -54851
0.00767852 , 988.206 , -55175.6
0.00767352 , 987.93 , -55496.4
0.00766852 , 987.651 , -55813.5
0.00766352 , 987.371 , -56127.1
0.00765852 , 987.09 , -56437.2
0.00765352 , 986.807 , -56743.9
0.00764852 , 986.523 , -57047.3
0.00764352 , 986.237 , -57347.6
0.00763852 , 985.949 , -57644.7
0.00763352 , 985.66 , -57938.9
0.00762852 , 985.37 , -58230
0.00762352 , 985.078 , -58518.3
0.00761852 , 984.785 , -58803.7
0.00761352 , 984.49 , -59086.4
0.00760852 , 984.194 , -59366.5
0.00760352 , 983.896 , -59643.9
0.00759852 , 983.597 , -59918.8
0.00759352 , 983.297 , -60191.1
0.00758852 , 982.995 , -60461
0.00758352 , 982.692 , -60728.6
0.00757852 , 982.388 , -60993.8
0.00757352 , 982.082 , -61256.7
0.00756852 , 981.776 , -61517.4
0.00756352 , 981.467 , -61775.8
0.00755852 , 981.158 , -62032.2
0.00755352 , 980.847 , -62286.4
0.00754852 , 980.535 , -62538.6
0.00754352 , 980.222 , -62788.7
0.00753852 , 979.907 , -63036.9
0.00753352 , 979.591 , -63283.1
0.00752852 , 979.274 , -63527.5
0.00752352 , 978.956 , -63770
0.00751852 , 978.636 , -64010.6
0.00751352 , 978.316 , -64249.5
0.00750852 , 977.994 , -64486.5
0.00750352 , 977.671 , -64721.9
0.00749852 , 977.347 , -64955.6
0.00749352 , 977.021 , -65187.5
0.00748852 , 976.695 , -65417.9
0.00748352 , 976.367 , -65646.6
0.00747852 , 976.038 , -65873.8
0.00747352 , 975.708 , -66099.4
0.00746852 , 975.377 , -66323.4
0.00746352 , 975.045 , -66546
0.00745852 , 974.712 , -66767.1
0.00745352 , 974.378 , -66986.7
0.00744852 , 974.042 , -67204.9
0.00744352 , 973.706 , -67421.7
0.00743852 , 973.368 , -67637.1
0.00743352 , 973.029 , -67851.1
0.00742852 , 972.689 , -68063.9
0.00742352 , 972.349 , -68275.2
0.00741852 , 972.007 , -68485.3
0.00741352 , 971.664 , -68694.1
0.00740852 , 971.32 , -68901.6
0.00740352 , 970.975 , -69107.9
0.00739852 , 970.629 , -69313
0.00739352 , 970.282 , -69516.9
0.00738852 , 969.933 , -69719.5
0.00738352 , 969.584 , -69921
0.00737852 , 969.234 , -70121.4
0.00737352 , 968.883 , -70320.6
0.00736852 , 968.531 , -70518.7
0.00736352 , 968.178 , -70715.7
0.00735852 , 967.824 , -70911.6
0.00735352 , 967.469 , -71106.4
0.00734852 , 967.113 , -71300.1
0.00734352 , 966.756 , -71492.8
0.00733852 , 966.398 , -71684.5
0.00733352 , 966.039 , -71875.2
0.00732852 , 965.679 , -72064.8
0.00732352 , 965.318 , -72253.5
0.00731852 , 964.957 , -72441.1
0.00731352 , 964.594 , -72627.8
0.00730852 , 964.23 , -72813.6
0.00730352 , 963.866 , -72998.4
0.00729852 , 963.5 , -73182.3
0.00729352 , 963.134 , -73365.2
0.00728852 , 962.767 , -73547.3
0.00728352 , 962.398 , -73728.4
0.00727852 , 962.029 , -73908.7
0.00727352 , 961.659 , -74088.1
0.00726852 , 961.289 , -74266.6
0.00726352 , 960.917 , -74444.3
0.00725852 , 960.544 , -74621.1
0.00725352 , 960.171 , -74797.1
0.00724852 , 959.796 , -74972.3
0.00724352 , 959.421 , -75146.6
0.00723852 , 959.045 , -75320.2
0.00723352 , 958.668 , -75492.9
0.00722852 , 958.29 , -75664.9
0.00722352 , 957.911 , -75836.1
0.00721852 , 957.531 , -76006.5
0.00721352 , 957.151 , -76176.2
0.00720852 , 956.77 , -76345.1
0.00720352 , 956.387 , -76513.2
0.00719852 , 956.004 , -76680.6
0.00719352 , 955.621 , -76847.3
0.00718852 , 955.236 , -77013.3
0.00718352 , 954.851 , -77178.6
0.00717852 , 954.464 , -77343.1
0.00717352 , 954.077 , -77507
0.00716852 , 953.689 , -77670.2
0.00716352 , 953.3 , -77832.7
0.00715852 , 952.911 , -77994.5
0.00715352 , 952.52 , -78155.6
0.00714852 , 952.129 , -78316.1
0.00714352 , 951.737 , -78475.9
0.00713852 , 951.345 , -78635.1
0.00713352 , 950.951 , -78793.7
0.00712852 , 950.557 , -78951.6
0.00712352 , 950.161 , -79108.8
0.00711852 , 949.766 , -79265.5
0.00711352 , 949.369 , -79421.5
0.00710852 , 948.971 , -79576.9
0.00710352 , 948.573 , -79731.8
0.00709852 , 948.174 , -79886
0.00709352 , 947.774 , -80039.6
0.00708852 , 947.374 , -80192.7
0.00708352 , 946.972 , -80345.1
0.00707852 , 946.57 , -80497
0.00707352 , 946.167 , -80648.3
0.00706852 , 945.764 , -80799.1
0.00706352 , 945.359 , -80949.2
0.00705852 , 944.954 , -81098.9
0.00705352 , 944.548 , -81247.9
0.00704852 , 944.142 , -81396.5
0.00704352 , 943.734 , -81544.5
0.00703852 , 943.326 , -81691.9
0.00703352 , 942.917 , -81838.9
0.00702852 , 942.508 , -81985.3
0.00702352 , 942.098 , -82131.1
0.00701852 , 941.687 , -82276.5
0.00701352 , 941.275 , -82421.4
0.00700852 , 940.862 , -82565.7
0.00700352 , 940.449 , -82709.5
0.00699852 , 940.035 , -82852.9
0.00699352 , 939.621 , -82995.7
0.00698852 , 939.205 , -83138.1
0.00698352 , 938.789 , -83280
0.00697852 , 938.372 , -83421.4
0.00697352 , 937.955 , -83562.3
0.00696852 , 937.537 , -83702.7
0.00696352 , 937.118 , -83842.7
0.00695852 , 936.698 , -83982.2
0.00695352 , 936.278 , -84121.2
0.00694852 , 935.857 , -84259.8
0.00694352 , 935.436 , -84398
0.00693852 , 935.013 , -84535.6
0.00693352 , 934.59 , -84672.9
0.00692852 , 934.167 , -84809.7
0.00692352 , 933.742 , -84946
0.00691852 , 933.317 , -85081.9
0.00691352 , 932.891 , -85217.4
0.00690852 , 932.465 , -85352.5
0.00690352 , 932.038 , -85487.1
0.00689852 , 931.61 , -85621.3
0.00689352 , 931.182 , -85755.1
0.00688852 , 930.752 , -85888.4
0.00688352 , 930.323 , -86021.4
0.00687852 , 929.892 , -86154
0.00687352 , 929.461 , -86286.1
0.00686852 , 929.029 , -86417.8
0.00686352 , 928.597 , -86549.2
0.00685852 , 928.164 , -86680.1
0.00685352 , 927.73 , -86810.6
0.00684852 , 927.296 , -86940.8
0.00684352 , 926.861 , -87070.5
0.00683852 , 926.425 , -87199.9
0.00683352 , 925.989 , -87328.9
0.00682852 , 925.552 , -87457.5
0.00682352 , 925.114 , -87585.8
0.00681852 , 924.676 , -87713.6
0.00681352 , 924.237 , -87841.1
0.00680852 , 923.797 , -87968.2
0.00680352 , 923.357 , -88095
0.00679852 , 922.917 , -88221.4
0.00679352 , 922.475 , -88347.4
0.00678852 , 922.033 , -88473.1
0.00678352 , 921.59 , -88598.4
0.00677852 , 921.147 , -88723.4
0.00677352 , 920.703 , -88848
0.00676852 , 920.259 , -88972.2
0.00676352 , 919.813 , -89096.2
0.00675852 , 919.368 , -89219.7
0.00675352 , 918.921 , -89343
0.00674852 , 918.474 , -89465.9
0.00674352 , 918.027 , -89588.4
0.00673852 , 917.578 , -89710.6
0.00673352 , 917.13 , -89832.5
0.00672852 , 916.68 , -89954.1
0.00672352 , 916.23 , -90075.3
0.00671852 , 915.779 , -90196.2
0.00671352 , 915.328 , -90316.8
0.00670852 , 914.876 , -90437.1
0.00670352 , 914.424 , -90557
0.00669852 , 913.971 , -90676.6
0.00669352 , 913.517 , -90796
0.00668852 , 913.063 , -90915
0.00668352 , 912.608 , -91033.6
0.00667852 , 912.152 , -91152
0.00667352 , 911.696 , -91270.1
0.00666852 , 911.24 , -91387.9
0.00666352 , 910.782 , -91505.3
0.00665852 , 910.324 , -91622.5
0.00665352 , 909.866 , -91739.4
0.00664852 , 909.407 , -91855.9
0.00664352 , 908.948 , -91972.2
0.00663852 , 908.487 , -92088.2
0.00663352 , 908.027 , -92203.9
0.00662852 , 907.565 , -92319.3
0.00662352 , 907.103 , -92434.4
0.00661852 , 906.641 , -92549.2
0.00661352 , 906.178 , -92663.7
0.00660852 , 905.714 , -92778
0.00660352 , 905.25 , -92892
0.00659852 , 904.785 , -93005.7
0.00659352 , 904.32 , -93119.1
0.00658852 , 903.854 , -93232.2
0.00658352 , 903.388 , -93345.1
0.00657852 , 902.921 , -93457.7
0.00657352 , 902.453 , -93570
0.00656852 , 901.985 , -93682.1
0.00656352 , 901.516 , -93793.9
0.00655852 , 901.047 , -93905.4
0.00655352 , 900.577 , -94016.7
0.00654852 , 900.107 , -94127.7
0.00654352 , 899.636 , -94238.4
0.00653852 , 899.165 , -94348.9
0.00653352 , 898.693 , -94459.1
0.00652852 , 898.22 , -94569.1
0.00652352 , 897.747 , -94678.8
0.00651852 , 897.273 , -94788.3
0.00651352 , 896.799 , -94897.5
0.00650852 , 896.324 , -95006.4
0.00650352 , 895.849 , -95115.1
0.00649852 , 895.373 , -95223.6
0.00649352 , 894.897 , -95331.8
0.00648852 , 894.42 , -95439.7
0.00648352 , 893.942 , -95547.5
0.00647852 , 893.464 , -95654.9
0.00647352 , 892.986 , -95762.2
0.00646852 , 892.507 , -95869.2
0.00646352 , 892.027 , -95975.9
0.00645852 , 891.547 , -96082.5
0.00645352 , 891.066 , -96188.7
0.00644852 , 890.585 , -96294.8
0.00644352 , 890.103 , -96400.6
0.00643852 , 889.621 , -96506.2
0.00643352 , 889.138 , -96611.6
0.00642852 , 888.655 , -96716.7
0.00642352 , 888.171 , -96821.6
0.00641852 , 887.687 , -96926.2
0.00641352 , 887.202 , -97030.7
0.00640852 , 886.716 , -97134.9
0.00640352 , 886.23 , -97238.9
0.00639852 , 885.744 , -97342.7
0.00639352 , 885.257 , -97446.2
0.00638852 , 884.77 , -97549.6
0.00638352 , 884.282 , -97652.7
0.00637852 , 883.793 , -97755.6
0.00637352 , 883.304 , -97858.3
0.00636852 , 882.814 , -97960.8
0.00636352 , 882.324 , -98063
0.00635852 , 881.834 , -98165.1
0.00635352 , 881.343 , -98266.9
0.00634852 , 880.851 , -98368.5
0.00634352 , 880.359 , -98469.9
0.00633852 , 879.866 , -98571.1
0.00633352 , 879.373 , -98672.1
0.00632852 , 878.88 , -98772.9
0.00632352 , 878.386 , -98873.5
0.00631852 , 877.891 , -98973.9
0.00631352 , 877.396 , -99074
0.00630852 , 876.9 , -99174
0.00630352 , 876.404 , -99273.8
0.00629852 , 875.908 , -99373.4
0.00629352 , 875.41 , -99472.7
0.00628852 , 874.913 , -99571.9
0.00628352 , 874.415 , -99670.9
0.00627852 , 873.916 , -99769.7
0.00627352 , 873.417 , -99868.3
0.00626852 , 872.917 , -99966.7
0.00626352 , 872.417 , -100065
0.00625852 , 871.917 , -100163
0.00625352 , 871.416 , -100261
0.00624852 , 870.914 , -100358
0.00624352 , 870.412 , -100456
0.00623852 , 869.91 , -100553
0.00623352 , 869.407 , -100650
0.00622852 , 868.903 , -100747
0.00622352 , 868.399 , -100844
0.00621852 , 867.895 , -100940
0.00621352 , 867.39 , -101036
0.00620852 , 866.884 , -101133
0.00620352 , 866.378 , -101228
0.00619852 , 865.872 , -101324
0.00619352 , 865.365 , -101420
0.00618852 , 864.858 , -101515
0.00618352 , 864.35 , -101610
0.00617852 , 863.842 , -101706
0.00617352 , 863.333 , -101800
0.00616852 , 862.824 , -101895
0.00616352 , 862.314 , -101990
0.00615852 , 861.804 , -102084
0.00615352 , 861.293 , -102178
0.00614852 , 860.782 , -102272
0.00614352 , 860.27 , -102366
0.00613852 , 859.758 , -102460
0.00613352 , 859.246 , -102553
0.00612852 , 858.733 , -102646
0.00612352 , 858.219 , -102740
0.00611852 , 857.705 , -102833
0.00611352 , 857.191 , -102925
0.00610852 , 856.676 , -103018
0.00610352 , 856.161 , -103111
0.00609852 , 855.645 , -103203
0.00609352 , 855.129 , -103295
0.00608852 , 854.612 , -103387
0.00608352 , 854.095 , -103479
0.00607852 , 853.577 , -103570
0.00607352 , 853.059 , -103662
0.00606852 , 852.541 , -103753
0.00606352 , 852.022 , -103844
0.00605852 , 851.502 , -103935
0.00605352 , 850.982 , -104026
0.00604852 , 850.462 , -104117
0.00604352 , 849.941 , -104208
0.00603852 , 849.42 , -104298
0.00603352 , 848.898 , -104388
0.00602852 , 848.376 , -104478
0.00602352 , 847.853 , -104568
0.00601852 , 847.33 , -104658
0.00601352 , 846.807 , -104747
0.00600852 , 846.283 , -104837
0.00600352 , 845.758 , -104926
0.00599852 , 845.234 , -105015
0.00599352 , 844.708 , -105104
0.00598852 , 844.183 , -105193
0.00598352 , 843.656 , -105282
0.00597852 , 843.13 , -105370
0.00597352 , 842.603 , -105459
0.00596852 , 842.075 , -105547
0.00596352 , 841.547 , -105635
0.00595852 , 841.019 , -105723
0.00595352 , 840.49 , -105811
0.00594852 , 839.961 , -105899
0.00594352 , 839.431 , -105986
0.00593852 , 838.901 , -106074
0.00593352 , 838.37 , -106161
0.00592852 , 837.839 , -106248
0.00592352 , 837.308 , -106335
0.00591852 , 836.776 , -106422
0.00591352 , 836.244 , -106508
0.00590852 , 835.711 , -106595
0.00590352 , 835.178 , -106681
0.00589852 , 834.644 , -106767
0.00589352 , 834.11 , -106853
0.00588852 , 833.576 , -106939
0.00588352 , 833.041 , -107025
0.00587852 , 832.505 , -107111
0.00587352 , 831.969 , -107197
0.00586852 , 831.433 , -107282
0.00586352 , 830.897 , -107367
0.00585852 , 830.36 , -107452
0.00585352 , 829.822 , -107537
0.00584852 , 829.284 , -107622
0.00584352 , 828.746 , -107707
0.00583852 , 828.207 , -107792
0.00583352 , 827.668 , -107876
0.00582852 , 827.128 , -107960
0.00582352 , 826.588 , -108045
0.00581852 , 826.048 , -108129
0.00581352 , 825.507 , -108213
0.00580852 , 824.966 , -108296
0.00580352 , 824.424 , -108380
0.00579852 , 823.882 , -108464
0.00579352 , 823.339 , -108547
0.00578852 , 822.797 , -108630
0.00578352 , 822.253 , -108714
0.00577852 , 821.709 , -108797
0.00577352 , 821.165 , -108880
0.00576852 , 820.621 , -108962
0.00576352 , 820.076 , -109045
0.00575852 , 819.53 , -109128
0.00575352 , 818.984 , -109210
0.00574852 , 818.438 , -109292
0.00574352 , 817.891 , -109375
0.00573852 , 817.344 , -109457
0.00573352 , 816.797 , -109539
0.00572852 , 816.249 , -109620
0.00572352 , 815.701 , -109702
0.00571852 , 815.152 , -109784
0.00571352 , 814.603 , -109865
0.00570852 , 814.053 , -109946
0.00570352 , 813.503 , -110028
0.00569852 , 812.953 , -110109
0.00569352 , 812.402 , -110190
0.00568852 , 811.851 , -110270
0.00568352 , 811.3 , -110351
0.00567852 , 810.748 , -110432
0.00567352 , 810.195 , -110512
0.00566852 , 809.642 , -110593
0.00566352 , 809.089 , -110673
0.00565852 , 808.536 , -110753
0.00565352 , 807.982 , -110833
0.00564852 , 807.427 , -110913
0.00564352 , 806.873 , -110993
0.00563852 , 806.317 , -111072
0.00563352 , 805.762 , -111152
0.00562852 , 805.206 , -111231
0.00562352 , 804.65 , -111311
0.00561852 , 804.093 , -111390
0.00561352 , 803.536 , -111469
0.00560852 , 802.978 , -111548
0.00560352 , 802.42 , -111627
0.00559852 , 801.862 , -111706
0.00559352 , 801.303 , -111784
0.00558852 , 800.744 , -111863
0.00558352 , 800.185 , -111941
0.00557852 , 799.625 , -112020
0.00557352 , 799.064 , -112098
0.00556852 , 798.504 , -112176
0.00556352 , 797.943 , -112254
0.00555852 , 797.381 , -112332
0.00555352 , 796.819 , -112410
0.00554852 , 796.257 , -112488
0.00554352 , 795.694 , -112565
0.00553852 , 795.131 , -112643
0.00553352 , 794.568 , -112720
0.00552852 , 794.004 , -112797
0.00552352 , 793.44 , -112874
0.00551852 , 792.875 , -112951
0.00551352 , 792.31 , -113028
0.00550852 , 791.745 , -113105
0.00550352 , 791.179 , -113182
0.00549852 , 790.613 , -113259
0.00549352 , 790.047 , -113335
0.00548852 , 789.48 , -113411
0.00548352 , 788.913 , -113488
0.00547852 , 788.345 , -113564
0.00547352 , 787.777 , -113640
0.00546852 , 787.209 , -113716
0.00546352 , 786.64 , -113792
0.00545852 , 786.071 , -113868
0.00545352 , 785.501 , -113944
0.00544852 , 784.931 , -114019
0.00544352 , 784.361 , -114095
0.00543852 , 783.79 , -114170
0.00543352 , 783.219 , -114245
0.00542852 , 782.648 , -114321
0.00542352 , 782.076 , -114396
0.00541852 , 781.504 , -114471
0.00541352 , 780.931 , -114546
0.00540852 , 780.359 , -114620
0.00540352 , 779.785 , -114695
0.00539852 , 779.212 , -114770
0.00539352 , 778.638 , -114844
0.00538852 , 778.063 , -114919
0.00538352 , 777.488 , -114993
0.00537852 , 776.913 , -115067
0.00537352 , 776.338 , -115141
0.00536852 , 775.762 , -115216
0.00536352 , 775.185 , -115289
0.00535852 , 774.609 , -115363
0.00535352 , 774.032 , -115437
0.00534852 , 773.454 , -115511
0.00534352 , 772.877 , -115584
0.00533852 , 772.299 , -115658
0.00533352 , 771.72 , -115731
0.00532852 , 771.141 , -115805
0.00532352 , 770.562 , -115878
0.00531852 , 769.983 , -115951
0.00531352 , 769.403 , -116024
0.00530852 , 768.822 , -116097
0.00530352 , 768.242 , -116170
0.00529852 , 767.661 , -116242
0.00529352 , 767.079 , -116315
0.00528852 , 766.497 , -116388
0.00528352 , 765.915 , -116460
0.00527852 , 765.333 , -116532
0.00527352 , 764.75 , -116605
0.00526852 , 764.167 , -116677
0.00526352 , 763.583 , -116749
0.00525852 , 762.999 , -116821
0.00525352 , 762.415 , -116893
0.00524852 , 761.83 , -116965
0.00524352 , 761.245 , -117037
0.00523852 , 760.66 , -117108
0.00523352 , 760.074 , -117180
0.00522852 , 759.488 , -117251
0.00522352 , 758.902 , -117323
0.00521852 , 758.315 , -117394
0.00521352 , 757.728 , -117465
0.00520852 , 757.14 , -117536
0.00520352 , 756.553 , -117607
0.00519852 , 755.964 , -117678
0.00519352 , 755.376 , -117749
0.00518852 , 754.787 , -117820
0.00518352 , 754.198 , -117891
0.00517852 , 753.608 , -117962
0.00517352 , 753.018 , -118032
0.00516852 , 752.428 , -118103
0.00516352 , 751.837 , -118173
0.00515852 , 751.246 , -118243
0.00515352 , 750.654 , -118313
0.00514852 , 750.063 , -118384
0.00514352 , 749.471 , -118454
0.00513852 , 748.878 , -118524
0.00513352 , 748.285 , -118593
0.00512852 , 747.692 , -118663
0.00512352 , 747.099 , -118733
0.00511852 , 746.505 , -118803
0.00511352 , 745.911 , -118872
0.00510852 , 745.316 , -118942
0.00510352 , 744.721 , -119011
0.00509852 , 744.126 , -119080
0.00509352 , 743.531 , -119150
0.00508852 , 742.935 , -119219
0.00508352 , 742.338 , -119288
0.00507852 , 741.742 , -119357
0.00507352 , 741.145 , -119426
0.00506852 , 740.547 , -119495
0.00506352 , 739.95 , -119563
0.00505852 , 739.352 , -119632
0.00505352 , 738.753 , -119701
0.00504852 , 738.155 , -119769
0.00504352 , 737.556 , -119838
0.00503852 , 736.956 , -119906
0.00503352 , 736.357 , -119974
0.00502852 , 735.757 , -120042
0.00502352 , 735.156 , -120111
0.00501852 , 734.556 , -120179
0.00501352 , 733.955 , -120247
0.00500852 , 733.353 , -120314
0.00500352 , 732.751 , -120382
0.00499852 , 732.149 , -120450
0.00499352 , 731.547 , -120518
0.00498852 , 730.944 , -120585
0.00498352 , 730.341 , -120653
0.00497852 , 729.738 , -120720
0.00497352 , 729.134 , -120788
0.00496852 , 728.53 , -120855
0.00496352 , 727.925 , -120922
0.00495852 , 727.321 , -120989
0.00495352 , 726.715 , -121056
0.00494852 , 726.11 , -121123
0.00494352 , 725.504 , -121190
0.00493852 , 724.898 , -121257
0.00493352 , 724.292 , -121324
0.00492852 , 723.685 , -121391
0.00492352 , 723.078 , -121457
0.00491852 , 722.47 , -121524
0.00491352 , 721.862 , -121590
0.00490852 , 721.254 , -121657
0.00490352 , 720.646 , -121723
0.00489852 , 720.037 , -121789
0.00489352 , 719.428 , -121855
0.00488852 , 718.819 , -121922
0.00488352 , 718.209 , -121988
0.00487852 , 717.599 , -122054
0.00487352 , 716.988 , -122119
0.00486852 , 716.377 , -122185
0.00486352 , 715.766 , -122251
0.00485852 , 715.155 , -122317
0.00485352 , 714.543 , -122382
0.00484852 , 713.931 , -122448
0.00484352 , 713.319 , -122513
0.00483852 , 712.706 , -122579
0.00483352 , 712.093 , -122644
0.00482852 , 711.48 , -122709
0.00482352 , 710.866 , -122775
0.00481852 , 710.252 , -122840
0.00481352 , 709.637 , -122905
0.00480852 , 709.023 , -122970
0.00480352 , 708.408 , -123035
0.00479852 , 707.792 , -123100
0.00479352 , 707.177 , -123164
0.00478852 , 706.561 , -123229
0.00478352 , 705.944 , -123294
0.00477852 , 705.328 , -123358
0.00477352 , 704.711 , -123423
0.00476852 , 704.094 , -123487
0.00476352 , 703.476 , -123552
0.00475852 , 702.858 , -123616
0.00475352 , 702.24 , -123680
0.00474852 , 701.621 , -123744
0.00474352 , 701.002 , -123809
0.00473852 , 700.383 , -123873
0.00473352 , 699.764 , -123937
0.00472852 , 699.144 , -124000
0.00472352 , 698.524 , -124064
0.00471852 , 697.903 , -124128
0.00471352 , 697.282 , -124192
0.00470852 , 696.661 , -124255
0.00470352 , 696.04 , -124319
0.00469852 , 695.418 , -124383
0.00469352 , 694.796 , -124446
0.00468852 , 694.174 , -124509
0.00468352 , 693.551 , -124573
0.00467852 , 692.928 , -124636
0.00467352 , 692.305 , -124699
0.00466852 , 691.681 , -124762
0.00466352 , 691.057 , -124825
0.00465852 , 690.433 , -124888
0.00465352 , 689.808 , -124951
0.00464852 , 689.183 , -125014
0.00464352 , 688.558 , -125077
0.00463852 , 687.932 , -125140
0.00463352 , 687.307 , -125203
0.00462852 , 686.68 , -125265
0.00462352 , 686.054 , -125328
0.00461852 , 685.427 , -125390
0.00461352 , 684.8 , -125453
0.00460852 , 684.172 , -125515
0.00460352 , 683.545 , -125577
0.00459852 , 682.917 , -125640
0.00459352 , 682.288 , -125702
0.00458852 , 681.66 , -125764
0.00458352 , 681.031 , -125826
0.00457852 , 680.401 , -125888
0.00457352 , 679.772 , -125950
0.00456852 , 679.142 , -126012
0.00456352 , 678.512 , -126074
0.00455852 , 677.881 , -126136
0.00455352 , 677.25 , -126197
0.00454852 , 676.619 , -126259
0.00454352 , 675.988 , -126321
0.00453852 , 675.356 , -126382
0.00453352 , 674.724 , -126444
0.00452852 , 674.092 , -126505
0.00452352 , 673.459 , -126566
0.00451852 , 672.826 , -126628
0.00451352 , 672.193 , -126689
0.00450852 , 671.559 , -126750
0.00450352 , 670.925 , -126811
0.00449852 , 670.291 , -126872
0.00449352 , 669.656 , -126933
0.00448852 , 669.022 , -126994
0.00448352 , 668.387 , -127055
0.00447852 , 667.751 , -127116
0.00447352 , 667.115 , -127177
0.00446852 , 666.479 , -127237
0.00446352 , 665.843 , -127298
0.00445852 , 665.206 , -127358
0.00445352 , 664.569 , -127419
0.00444852 , 663.932 , -127480
0.00444352 , 663.295 , -127540
0.00443852 , 662.657 , -127600
0.00443352 , 662.019 , -127661
0.00442852 , 661.38 , -127721
0.00442352 , 660.741 , -127781
0.00441852 , 660.102 , -127841
0.00441352 , 659.463 , -127901
0.00440852 , 658.823 , -127961
0.00440352 , 658.183 , -128021
0.00439852 , 657.543 , -128081
0.00439352 , 656.903 , -128141
0.00438852 , 656.262 , -128201
0.00438352 , 655.62 , -128261
0.00437852 , 654.979 , -128320
0.00437352 , 654.337 , -128380
0.00436852 , 653.695 , -128439
0.00436352 , 653.053 , -128499
0.00435852 , 652.41 , -128558
0.00435352 , 651.767 , -128618
0.00434852 , 651.124 , -128677
0.00434352 , 650.481 , -128736
0.00433852 , 649.837 , -128796
0.00433352 , 649.193 , -128855
0.00432852 , 648.548 , -128914
0.00432352 , 647.904 , -128973
0.00431852 , 647.258 , -129032
0.00431352 , 646.613 , -129091
0.00430852 , 645.968 , -129150
0.00430352 , 645.322 , -129209
0.00429852 , 644.675 , -129268
0.00429352 , 644.029 , -129326
0.00428852 , 643.382 , -129385
0.00428352 , 642.735 , -129444
0.00427852 , 642.088 , -129502
0.00427352 , 641.44 , -129561
0.00426852 , 640.792 , -129619
0.00426352 , 640.144 , -129678
0.00425852 , 639.495 , -129736
0.00425352 , 638.847 , -129795
0.00424852 , 638.197 , -129853
0.00424352 , 637.548 , -129911
0.00423852 , 636.898 , -129969
0.00423352 , 636.248 , -130027
0.00422852 , 635.598 , -130085
0.00422352 , 634.948 , -130143
0.00421852 , 634.297 , -130201
0.00421352 , 633.645 , -130259
0.00420852 , 632.994 , -130317
0.00420352 , 632.342 , -130375
0.00419852 , 631.69 , -130433
0.00419352 , 631.038 , -130491
0.00418852 , 630.385 , -130548
0.00418352 , 629.733 , -130606
0.00417852 , 629.079 , -130663
0.00417352 , 628.426 , -130721
0.00416852 , 627.772 , -130778
0.00416352 , 627.118 , -130836
0.00415852 , 626.464 , -130893
0.00415352 , 625.809 , -130950
0.00414852 , 625.154 , -131008
0.00414352 , 624.499 , -131065
0.00413852 , 623.844 , -131122
0.00413352 , 623.188 , -131179
0.00412852 , 622.532 , -131236
0.00412352 , 621.875 , -131293
0.00411852 , 621.219 , -131350
0.00411352 , 620.562 , -131407
0.00410852 , 619.905 , -131464
0.00410352 , 619.247 , -131521
0.00409852 , 618.59 , -131578
0.00409352 , 617.932 , -131634
0.00408852 , 617.273 , -131691
0.00408352 , 616.615 , -131748
0.00407852 , 615.956 , -131804
0.00407352 , 615.297 , -131861
0.00406852 , 614.637 , -131917
0.00406352 , 613.977 , -131974
0.00405852 , 613.317 , -132030
0.00405352 , 612.657 , -132086
0.00404852 , 611.997 , -132142
0.00404352 , 611.336 , -132199
0.00403852 , 610.675 , -132255
0.00403352 , 610.013 , -132311
0.00402852 , 609.351 , -132367
0.00402352 , 608.69 , -132423
0.00401852 , 608.027 , -132479
0.00401352 , 607.365 , -132535
0.00400852 , 606.702 , -132591
0.00400352 , 606.039 , -132647
0.00399852 , 605.375 , -132703
0.00399352 , 604.712 , -132758
0.00398852 , 604.048 , -132814
0.00398352 , 603.384 , -132870
0.00397852 , 602.719 , -132925
0.00397352 , 602.054 , -132981
0.00396852 , 601.389 , -133037
0.00396352 , 600.724 , -133092
0.00395852 , 600.058 , -133147
0.00395352 , 599.393 , -133203
0.00394852 , 598.726 , -133258
0.00394352 , 598.06 , -133313
0.00393852 , 597.393 , -133369
0.00393352 , 596.726 , -133424
0.00392852 , 596.059 , -133479
0.00392352 , 595.391 , -133534
0.00391852 , 594.724 , -133589
0.00391352 , 594.056 , -133644
0.00390852 , 593.387 , -133699
0.00390352 , 592.719 , -133754
0.00389852 , 592.05 , -133809
0.00389352 , 591.381 , -133864
0.00388852 , 590.711 , -133919
0.00388352 , 590.041 , -133973
0.00387852 , 589.371 , -134028
0.00387352 , 588.701 , -134083
0.00386852 , 588.031 , -134137
0.00386352 , 587.36 , -134192
0.00385852 , 586.689 , -134246
0.00385352 , 586.017 , -134301
0.00384852 , 585.346 , -134355
0.00384352 , 584.674 , -134410
0.00383852 , 584.001 , -134464
0.00383352 , 583.329 , -134518
0.00382852 , 582.656 , -134573
0.00382352 , 581.983 , -134627
0.00381852 , 581.31 , -134681
0.00381352 , 580.636 , -134735
0.00380852 , 579.963 , -134789
0.00380352 , 579.289 , -134843
0.00379852 , 578.614 , -134897
0.00379352 , 577.94 , -134951
0.00378852 , 577.265 , -135005
0.00378352 , 576.59 , -135059
0.00377852 , 575.914 , -135113
0.00377352 , 575.238 , -135167
0.00376852 , 574.562 , -135221
0.00376352 , 573.886 , -135274
0.00375852 , 573.21 , -135328
0.00375352 , 572.533 , -135381
0.00374852 , 571.856 , -135435
0.00374352 , 571.179 , -135489
0.00373852 , 570.501 , -135542
0.00373352 , 569.823 , -135596
0.00372852 , 569.145 , -135649
0.00372352 , 568.467 , -135702
0.00371852 , 567.788 , -135756
0.00371352 , 567.109 , -135809
0.00370852 , 566.43 , -135862
0.00370352 , 565.75 , -135915
0.00369852 , 565.071 , -135968
0.00369352 , 564.391 , -136022
0.00368852 , 563.711 , -136075
0.00368352 , 563.03 , -136128
0.00367852 , 562.349 , -136181
0.00367352 , 561.668 , -136234
0.00366852 , 560.987 , -136287
0.00366352 , 560.305 , -136339
0.00365852 , 559.624 , -136392
0.00365352 , 558.942 , -136445
0.00364852 , 558.259 , -136498
0.00364352 , 557.577 , -136550
0.00363852 , 556.894 , -136603
0.00363352 , 556.21 , -136656
0.00362852 , 555.527 , -136708
0.00362352 , 554.843 , -136761
0.00361852 , 554.159 , -136813
0.00361352 , 553.475 , -136866
0.00360852 , 552.791 , -136918
0.00360352 , 552.106 , -136971
0.00359852 , 551.421 , -137023
0.00359352 , 550.736 , -137075
0.00358852 , 550.05 , -137128
0.00358352 , 549.365 , -137180
0.00357852 , 548.679 , -137232
0.00357352 , 547.992 , -137284
0.00356852 , 547.306 , -137336
0.00356352 , 546.619 , -137388
0.00355852 , 545.932 , -137440
0.00355352 , 545.245 , -137492
0.00354852 , 544.557 , -137544
0.00354352 , 543.869 , -137596
0.00353852 , 543.181 , -137648
0.00353352 , 542.493 , -137700
0.00352852 , 541.804 , -137752
0.00352352 , 541.115 , -137803
0.00351852 , 540.426 , -137855
0.00351352 , 539.737 , -137907
0.00350852 , 539.047 , -137958
0.00350352 , 538.357 , -138010
0.00349852 , 537.667 , -138061
0.00349352 , 536.976 , -138113
0.00348852 , 536.286 , -138164
0.00348352 , 535.595 , -138216
0.00347852 , 534.903 , -138267
0.00347352 , 534.212 , -138319
0.00346852 , 533.52 , -138370
0.00346352 , 532.828 , -138421
0.00345852 , 532.136 , -138472
0.00345352 , 531.444 , -138524
0.00344852 , 530.751 , -138575
0.00344352 , 530.058 , -138626
0.00343852 , 529.365 , -138677
0.00343352 , 528.671 , -138728
0.00342852 , 527.977 , -138779
0.00342352 , 527.283 , -138830
0.00341852 , 526.589 , -138881
0.00341352 , 525.895 , -138932
0.00340852 , 525.2 , -138983
0.00340352 , 524.505 , -139034
0.00339852 , 523.809 , -139085
0.00339352 , 523.114 , -139135
0.00338852 , 522.418 , -139186
0.00338352 , 521.722 , -139237
0.00337852 , 521.026 , -139287
0.00337352 , 520.329 , -139338
0.00336852 , 519.632 , -139389
0.00336352 , 518.935 , -139439
0.00335852 , 518.238 , -139490
0.00335352 , 517.54 , -139540
0.00334852 , 516.842 , -139590
0.00334352 , 516.144 , -139641
0.00333852 , 515.446 , -139691
0.00333352 , 514.747 , -139742
0.00332852 , 514.049 , -139792
0.00332352 , 513.349 , -139842
0.00331852 , 512.65 , -139892
0.00331352 , 511.951 , -139942
0.00330852 , 511.251 , -139993
0.00330352 , 510.551 , -140043
0.00329852 , 509.85 , -140093
0.00329352 , 509.15 , -140143
0.00328852 , 508.449 , -140193
0.00328352 , 507.748 , -140243
0.00327852 , 507.046 , -140293
0.00327352 , 506.345 , -140343
0.00326852 , 505.643 , -140392
0.00326352 , 504.941 , -140442
0.00325852 , 504.239 , -140492
0.00325352 , 503.536 , -140542
0.00324852 , 502.833 , -140592
0.00324352 , 502.13 , -140641
0.00323852 , 501.427 , -140691
0.00323352 , 500.723 , -140740
0.00322852 , 500.019 , -140790
0.00322352 , 499.315 , -140840
0.00321852 , 498.611 , -140889
0.00321352 , 497.906 , -140939
0.00320852 , 497.202 , -140988
0.00320352 , 496.497 , -141037
0.00319852 , 495.791 , -141087
0.00319352 , 495.086 , -141136
0.00318852 , 494.38 , -141185
0.00318352 , 493.674 , -141235
0.00317852 , 492.968 , -141284
0.00317352 , 492.261 , -141333
0.00316852 , 491.554 , -141382
0.00316352 , 490.847 , -141431
0.00315852 , 490.14 , -141480
0.00315352 , 489.432 , -141530
0.00314852 , 488.725 , -141579
0.00314352 , 488.017 , -141628
0.00313852 , 487.308 , -141676
0.00313352 , 486.6 , -141725
0.00312852 , 485.891 , -141774
0.00312352 , 485.182 , -141823
0.00311852 , 484.473 , -141872
0.00311352 , 483.763 , -141921
0.00310852 , 483.054 , -141969
0.00310352 , 482.344 , -142018
0.00309852 , 481.633 , -142067
0.00309352 , 480.923 , -142116
0.00308852 , 480.212 , -142164
0.00308352 , 479.501 , -142213
0.00307852 , 478.79 , -142261
0.00307352 , 478.079 , -142310
0.00306852 , 477.367 , -142358
0.00306352 , 476.655 , -142407
0.00305852 , 475.943 , -142455
0.00305352 , 475.231 , -142504
0.00304852 , 474.518 , -142552
0.00304352 , 473.805 , -142600
0.00303852 , 473.092 , -142649
0.00303352 , 472.379 , -142697
0.00302852 , 471.665 , -142745
0.00302352 , 470.951 , -142793
0.00301852 , 470.237 , -142841
0.00301352 , 469.523 , -142890
0.00300852 , 468.808 , -142938
0.00300352 , 468.093 , -142986
0.00299852 , 467.378 , -143034
0.00299352 , 466.663 , -143082
0.00298852 , 465.948 , -143130
0.00298352 , 465.232 , -143178
0.00297852 , 464.516 , -143225
0.00297352 , 463.799 , -143273
0.00296852 , 463.083 , -143321
0.00296352 , 462.366 , -143369
0.00295852 , 461.649 , -143417
0.00295352 , 460.932 , -143465
0.00294852 , 460.215 , -143512
0.00294352 , 459.497 , -143560
0.00293852 , 458.779 , -143608
0.00293352 , 458.061 , -143655
0.00292852 , 457.342 , -143703
0.00292352 , 456.624 , -143750
0.00291852 , 455.905 , -143798
0.00291352 , 455.186 , -143845
0.00290852 , 454.467 , -143893
0.00290352 , 453.747 , -143940
0.00289852 , 453.027 , -143988
0.00289352 , 452.307 , -144035
0.00288852 , 451.587 , -144082
0.00288352 , 450.866 , -144130
0.00287852 , 450.145 , -144177
0.00287352 , 449.424 , -144224
0.00286852 , 448.703 , -144271
0.00286352 , 447.982 , -144318
0.00285852 , 447.26 , -144366
0.00285352 , 446.538 , -144413
0.00284852 , 445.816 , -144460
0.00284352 , 445.094 , -144507
0.00283852 , 444.371 , -144554
0.00283352 , 443.648 , -144601
0.00282852 , 442.925 , -144648
0.00282352 , 442.201 , -144695
0.00281852 , 441.478 , -144742
0.00281352 , 440.754 , -144789
0.00280852 , 440.03 , -144835
0.00280352 , 439.306 , -144882
0.00279852 , 438.581 , -144929
0.00279352 , 437.856 , -144976
0.00278852 , 437.131 , -145022
0.00278352 , 436.406 , -145069
0.00277852 , 435.681 , -145116
0.00277352 , 434.955 , -145162
0.00276852 , 434.229 , -145209
0.00276352 , 433.503 , -145256
0.00275852 , 432.777 , -145302
0.00275352 , 432.05 , -145349
0.00274852 , 431.323 , -145395
0.00274352 , 430.596 , -145442
0.00273852 , 429.869 , -145488
0.00273352 , 429.141 , -145534
0.00272852 , 428.413 , -145581
0.00272352 , 427.685 , -145627
0.00271852 , 426.957 , -145673
0.00271352 , 426.229 , -145720
0.00270852 , 425.5 , -145766
0.00270352 , 424.771 , -145812
0.00269852 , 424.042 , -145858
0.00269352 , 423.312 , -145905
0.00268852 , 422.583 , -145951
0.00268352 , 421.853 , -145997
0.00267852 , 421.123 , -146043
0.00267352 , 420.392 , -146089
0.00266852 , 419.662 , -146135
0.00266352 , 418.931 , -146181
0.00265852 , 418.2 , -146227
0.00265352 , 417.469 , -146273
0.00264852 , 416.737 , -146319
0.00264352 , 416.006 , -146365
0.00263852 , 415.274 , -146410
0.00263352 , 414.541 , -146456
0.00262852 , 413.809 , -146502
0.00262352 , 413.076 , -146548
0.00261852 , 412.344 , -146593
0.00261352 , 411.611 , -146639
0.00260852 , 410.877 , -146685
0.00260352 , 410.144 , -146730
0.00259852 , 409.41 , -146776
0.00259352 , 408.676 , -146822
0.00258852 , 407.942 , -146867
0.00258352 , 407.207 , -146913
0.00257852 , 406.473 , -146958
0.00257352 , 405.738 , -147004
0.00256852 , 405.003 , -147049
0.00256352 , 404.267 , -147095
0.00255852 , 403.532 , -147140
0.00255352 , 402.796 , -147185
0.00254852 , 402.06 , -147231
0.00254352 , 401.323 , -147276
0.00253852 , 400.587 , -147321
0.00253352 , 399.85 , -147366
0.00252852 , 399.113 , -147412
0.00252352 , 398.376 , -147457
0.00251852 , 397.639 , -147502
0.00251352 , 396.901 , -147547
0.00250852 , 396.163 , -147592
0.00250352 , 395.425 , -147637
0.00249852 , 394.687 , -147682
0.00249352 , 393.948 , -147727
0.00248852 , 393.21 , -147772
0.00248352 , 392.471 , -147817
0.00247852 , 391.731 , -147862
0.00247352 , 390.992 , -147907
0.00246852 , 390.252 , -147952
0.00246352 , 389.512 , -147997
0.00245852 , 388.772 , -148042
0.00245352 , 388.032 , -148087
0.00244852 , 387.292 , -148131
0.00244352 , 386.551 , -148176
0.00243852 , 385.81 , -148221
0.00243352 , 385.069 , -148266
0.00242852 , 384.327 , -148310
0.00242352 , 383.585 , -148355
0.00241852 , 382.844 , -148400
0.00241352 , 382.101 , -148444
0.00240852 , 381.359 , -148489
0.00240352 , 380.617 , -148533
0.00239852 , 379.874 , -148578
0.00239352 , 379.131 , -148622
0.00238852 , 378.388 , -148667
0.00238352 , 377.644 , -148711
0.00237852 , 376.9 , -148755
0.00237352 , 376.157 , -148800
0.00236852 , 375.412 , -148844
0.00236352 , 374.668 , -148889
0.00235852 , 373.924 , -148933
0.00235352 , 373.179 , -148977
0.00234852 , 372.434 , -149021
0.00234352 , 371.689 , -149066
0.00233852 , 370.943 , -149110
0.00233352 , 370.197 , -149154
0.00232852 , 369.452 , -149198
0.00232352 , 368.706 , -149242
0.00231852 , 367.959 , -149286
0.00231352 , 367.213 , -149330
0.00230852 , 366.466 , -149374
0.00230352 , 365.719 , -149418
0.00229852 , 364.972 , -149462
0.00229352 , 364.224 , -149506
0.00228852 , 363.477 , -149550
0.00228352 , 362.729 , -149594
0.00227852 , 361.981 , -149638
0.00227352 , 361.232 , -149682
0.00226852 , 360.484 , -149726
0.00226352 , 359.735 , -149770
0.00225852 , 358.986 , -149813
0.00225352 , 358.237 , -149857
0.00224852 , 357.488 , -149901
0.00224352 , 356.738 , -149945
0.00223852 , 355.988 , -149988
0.00223352 , 355.238 , -150032
0.00222852 , 354.488 , -150075
0.00222352 , 353.737 , -150119
0.00221852 , 352.987 , -150163
0.00221352 , 352.236 , -150206
0.00220852 , 351.485 , -150250
0.00220352 , 350.733 , -150293
0.00219852 , 349.982 , -150337
0.00219352 , 349.23 , -150380
0.00218852 , 348.478 , -150424
0.00218352 , 347.726 , -150467
0.00217852 , 346.973 , -150510
0.00217352 , 346.221 , -150554
0.00216852 , 345.468 , -150597
0.00216352 , 344.715 , -150640
0.00215852 , 343.961 , -150684
0.00215352 , 343.208 , -150727
0.00214852 , 342.454 , -150770
0.00214352 , 341.7 , -150813
0.00213852 , 340.946 , -150856
0.00213352 , 340.191 , -150900
0.00212852 , 339.437 , -150943
0.00212352 , 338.682 , -150986
0.00211852 , 337.927 , -151029
0.00211352 , 337.172 , -151072
0.00210852 , 336.416 , -151115
0.00210352 , 335.661 , -151158
0.00209852 , 334.905 , -151201
0.00209352 , 334.149 , -151244
0.00208852 , 333.392 , -151287
0.00208352 , 332.636 , -151330
0.00207852 , 331.879 , -151373
0.00207352 , 331.122 , -151416
0.00206852 , 330.365 , -151458
0.00206352 , 329.607 , -151501
0.00205852 , 328.85 , -151544
0.00205352 , 328.092 , -151587
0.00204852 , 327.334 , -151629
0.00204352 , 326.576 , -151672
0.00203852 , 325.817 , -151715
0.00203352 , 325.059 , -151758
0.00202852 , 324.3 , -151800
0.00202352 , 323.54 , -151843
0.00201852 , 322.781 , -151885
0.00201352 , 322.022 , -151928
0.00200852 , 321.262 , -151970
0.00200352 , 320.502 , -152013
0.00199852 , 319.742 , -152055
0.00199352 , 318.981 , -152098
0.00198852 , 318.221 , -152140
0.00198352 , 317.46 , -152183
0.00197852 , 316.699 , -152225
0.00197352 , 315.938 , -152268
0.00196852 , 315.176 , -152310
0.00196352 , 314.415 , -152352
0.00195852 , 313.653 , -152395
0.00195352 , 312.891 , -152437
0.00194852 , 312.128 , -152479
0.00194352 , 311.366 , -152521
0.00193852 , 310.603 , -152564
0.00193352 , 309.84 , -152606
0.00192852 , 309.077 , -152648
0.00192352 , 308.314 , -152690
0.00191852 , 307.55 , -152732
0.00191352 , 306.786 , -152774
0.00190852 , 306.023 , -152816
0.00190352 , 305.258 , -152858
0.00189852 , 304.494 , -152900
0.00189352 , 303.729 , -152942
0.00188852 , 302.964 , -152984
0.00188352 , 302.2 , -153026
0.00187852 , 301.434 , -153068
0.00187352 , 300.669 , -153110
0.00186852 , 299.903 , -153152
0.00186352 , 299.137 , -153194
0.00185852 , 298.371 , -153236
0.00185352 , 297.605 , -153278
0.00184852 , 296.838 , -153320
0.00184352 , 296.072 , -153361
0.00183852 , 295.305 , -153403
0.00183352 , 294.538 , -153445
0.00182852 , 293.77 , -153486
0.00182352 , 293.003 , -153528
0.00181852 , 292.235 , -153570
0.00181352 , 291.467 , -153611
0.00180852 , 290.699 , -153653
0.00180352 , 289.931 , -153695
0.00179852 , 289.162 , -153736
0.00179352 , 288.393 , -153778
0.00178852 , 287.624 , -153819
0.00178352 , 286.855 , -153861
0.00177852 , 286.086 , -153902
0.00177352 , 285.316 , -153944
0.00176852 , 284.546 , -153985
0.00176352 , 283.776 , -154027
0.00175852 , 283.006 , -154068
0.00175352 , 282.235 , -154109
0.00174852 , 281.465 , -154151
0.00174352 , 280.694 , -154192
0.00173852 , 279.923 , -154233
0.00173352 , 279.152 , -154275
0.00172852 , 278.38 , -154316
0.00172352 , 277.608 , -154357
0.00171852 , 276.837 , -154398
0.00171352 , 276.065 , -154440
0.00170852 , 275.292 , -154481
0.00170352 , 274.52 , -154522
0.00169852 , 273.747 , -154563
0.00169352 , 272.974 , -154604
0.00168852 , 272.201 , -154645
0.00168352 , 271.428 , -154686
0.00167852 , 270.654 , -154727
0.00167352 , 269.88 , -154768
0.00166852 , 269.106 , -154809
0.00166352 , 268.332 , -154850
0.00165852 , 267.558 , -154891
0.00165352 , 266.783 , -154932
0.00164852 , 266.009 , -154973
0.00164352 , 265.234 , -155014
0.00163852 , 264.458 , -155055
0.00163352 , 263.683 , -155096
0.00162852 , 262.907 , -155137
0.00162352 , 262.132 , -155177
0.00161852 , 261.356 , -155218
0.00161352 , 260.579 , -155259
0.00160852 , 259.803 , -155300
0.00160352 , 259.026 , -155340
0.00159852 , 258.25 , -155381
0.00159352 , 257.473 , -155422
0.00158852 , 256.695 , -155462
0.00158352 , 255.918 , -155503
0.00157852 , 255.14 , -155544
0.00157352 , 254.363 , -155584
0.00156852 , 253.585 , -155625
0.00156352 , 252.806 , -155665
0.00155852 , 252.028 , -155706
0.00155352 , 251.249 , -155746
0.00154852 , 250.471 , -155787
0.00154352 , 249.691 , -155827
0.00153852 , 248.912 , -155868
0.00153352 , 248.133 , -155908
0.00152852 , 247.353 , -155949
0.00152352 , 246.573 , -155989
0.00151852 , 245.793 , -156029
0.00151352 , 245.013 , -156070
0.00150852 , 244.233 , -156110
0.00150352 , 243.452 , -156150
0.00149852 , 242.671 , -156191
0.00149352 , 241.89 , -156231
0.00148852 , 241.109 , -156271
0.00148352 , 240.327 , -156311
0.00147852 , 239.546 , -156351
0.00147352 , 238.764 , -156392
0.00146852 , 237.982 , -156432
0.00146352 , 237.199 , -156472
0.00145852 , 236.417 , -156512
0.00145352 , 235.634 , -156552
0.00144852 , 234.851 , -156592
0.00144352 , 234.068 , -156632
0.00143852 , 233.285 , -156672
0.00143352 , 232.502 , -156712
0.00142852 , 231.718 , -156752
0.00142352 , 230.934 , -156792
0.00141852 , 230.15 , -156832
0.00141352 , 229.366 , -156872
0.00140852 , 228.581 , -156912
0.00140352 , 227.797 , -156952
0.00139852 , 227.012 , -156992
0.00139352 , 226.227 , -157032
0.00138852 , 225.442 , -157071
0.00138352 , 224.656 , -157111
0.00137852 , 223.87 , -157151
0.00137352 , 223.085 , -157191
0.00136852 , 222.299 , -157231
0.00136352 , 221.512 , -157270
0.00135852 , 220.726 , -157310
0.00135352 , 219.939 , -157350
0.00134852 , 219.152 , -157389
0.00134352 , 218.365 , -157429
0.00133852 , 217.578 , -157469
0.00133352 , 216.791 , -157508
0.00132852 , 216.003 , -157548
0.00132352 , 215.215 , -157587
0.00131852 , 214.427 , -157627
0.00131352 , 213.639 , -157666
0.00130852 , 212.85 , -157706
0.00130352 , 212.062 , -157745
0.00129852 , 211.273 , -157785
0.00129352 , 210.484 , -157824
0.00128852 , 209.695 , -157864
0.00128352 , 208.905 , -157903
0.00127852 , 208.116 , -157943
0.00127352 , 207.326 , -157982
0.00126852 , 206.536 , -158021
0.00126352 , 205.746 , -158061
0.00125852 , 204.955 , -158100
0.00125352 , 204.165 , -158139
0.00124852 , 203.374 , -158178
0.00124352 , 202.583 , -158218
0.00123852 , 201.792 , -158257
0.00123352 , 201 , -158296
0.00122852 , 200.209 , -158335
0.00122352 , 199.417 , -158374
0.00121852 , 198.625 , -158414
0.00121352 , 197.833 , -158453
0.00120852 , 197.04 , -158492
0.00120352 , 196.248 , -158531
0.00119852 , 195.455 , -158570
0.00119352 , 194.662 , -158609
0.00118852 , 193.869 , -158648
0.00118352 , 193.076 , -158687
0.00117852 , 192.282 , -158726
0.00117352 , 191.488 , -158765
0.00116852 , 190.695 , -158804
0.00116352 , 189.901 , -158843
0.00115852 , 189.106 , -158882
0.00115352 , 188.312 , -158921
0.00114852 , 187.517 , -158960
0.00114352 , 186.722 , -158999
0.00113852 , 185.927 , -159037
0.00113352 , 185.132 , -159076
0.00112852 , 184.336 , -159115
0.00112352 , 183.54 , -159154
0.00111852 , 182.745 , -159193
0.00111352 , 181.949 , -159231
0.00110852 , 181.152 , -159270
0.00110352 , 180.356 , -159309
0.00109852 , 179.559 , -159348
0.00109352 , 178.762 , -159386
0.00108852 , 177.965 , -159425
0.00108352 , 177.168 , -159464
0.00107852 , 176.371 , -159502
0.00107352 , 175.573 , -159541
0.00106852 , 174.775 , -159579
0.00106352 , 173.977 , -159618
0.00105852 , 173.179 , -159656
0.00105352 , 172.381 , -159695
0.00104852 , 171.582 , -159733
0.00104352 , 170.784 , -159772
0.00103852 , 169.984 , -159810
0.00103352 , 169.185 , -159849
0.00102852 , 168.386 , -159887
0.00102352 , 167.586 , -159926
0.00101852 , 166.787 , -159964
0.00101352 , 165.987 , -160003
0.00100852 , 165.187 , -160041
0.00100352 , 164.386 , -160079
0.000998521 , 163.586 , -160118
0.00099352 , 162.785 , -160156
0.000988521 , 161.984 , -160194
0.000983521 , 161.183 , -160232
0.000978521 , 160.382 , -160271
0.000973521 , 159.581 , -160309
0.000968521 , 158.779 , -160347
0.000963521 , 157.977 , -160385
0.00095852 , 157.175 , -160424
0.000953521 , 156.373 , -160462
0.000948521 , 155.57 , -160500
0.000943521 , 154.768 , -160538
0.000938521 , 153.965 , -160576
0.00093352 , 153.162 , -160614
0.000928521 , 152.359 , -160652
0.000923521 , 151.556 , -160690
0.000918521 , 150.752 , -160728
0.000913521 , 149.948 , -160766
0.000908521 , 149.144 , -160804
0.000903521 , 148.34 , -160842
0.00089852 , 147.536 , -160880
0.000893521 , 146.731 , -160918
0.000888521 , 145.927 , -160956
0.000883521 , 145.122 , -160994
0.000878521 , 144.317 , -161032
0.000873521 , 143.512 , -161070
0.000868521 , 142.706 , -161108
0.00086352 , 141.9 , -161145
0.000858521 , 141.095 , -161183
0.000853521 , 140.289 , -161221
0.000848521 , 139.482 , -161259
0.000843521 , 138.676 , -161297
0.00083852 , 137.869 , -161334
0.000833521 , 137.063 , -161372
0.000828521 , 136.256 , -161410
0.000823521 , 135.449 , -161448
0.000818521 , 134.641 , -161485
0.000813521 , 133.834 , -161523
0.000808521 , 133.026 , -161560
0.00080352 , 132.218 , -161598
0.000798521 , 131.41 , -161636
0.000793521 , 130.602 , -161673
0.000788521 , 129.793 , -161711
0.000783521 , 128.985 , -161748
0.00077852 , 128.176 , -161786
0.000773521 , 127.367 , -161823
0.000768521 , 126.558 , -161861
0.000763521 , 125.748 , -161898
0.000758521 , 124.939 , -161936
0.000753521 , 124.129 , -161973
0.000748521 , 123.319 , -162011
0.00074352 , 122.509 , -162048
0.000738521 , 121.698 , -162086
0.000733521 , 120.888 , -162123
0.000728521 , 120.077 , -162160
0.000723521 , 119.266 , -162198
0.00071852 , 118.455 , -162235
0.000713521 , 117.644 , -162272
0.000708521 , 116.833 , -162310
0.000703521 , 116.021 , -162347
0.000698521 , 115.209 , -162384
0.000693521 , 114.397 , -162421
0.000688521 , 113.585 , -162459
0.00068352 , 112.772 , -162496
0.000678521 , 111.96 , -162533
0.000673521 , 111.147 , -162570
0.000668521 , 110.334 , -162607
0.000663521 , 109.521 , -162645
0.00065852 , 108.708 , -162682
0.000653521 , 107.894 , -162719
0.000648521 , 107.081 , -162756
0.000643521 , 106.267 , -162793
0.000638521 , 105.453 , -162830
0.000633521 , 104.638 , -162867
0.000628521 , 103.824 , -162904
0.00062352 , 103.009 , -162941
0.000618521 , 102.195 , -162978
0.000613521 , 101.38 , -163015
0.000608521 , 100.564 , -163052
0.000603521 , 99.7491 , -163089
0.000598521 , 98.9334 , -163126
0.000593521 , 98.1178 , -163163
0.00058852 , 97.3019 , -163200
0.000583521 , 96.4857 , -163237
0.000578521 , 95.6696 , -163273
0.000573521 , 94.853 , -163310
0.000568521 , 94.0364 , -163347
0.00056352 , 93.2195 , -163384
0.000558521 , 92.4025 , -163421
0.000553521 , 91.5854 , -163457
0.000548521 , 90.768 , -163494
0.000543521 , 89.9504 , -163531
0.000538521 , 89.1326 , -163568
0.000533521 , 88.3147 , -163604
0.00052852 , 87.4966 , -163641
0.000523521 , 86.6783 , -163678
0.000518521 , 85.8599 , -163714
0.000513521 , 85.0412 , -163751
0.000508521 , 84.2224 , -163788
0.00050352 , 83.4033 , -163824
0.000498521 , 82.5841 , -163861
0.000493521 , 81.7647 , -163897
0.000488521 , 80.9451 , -163934
0.000483521 , 80.1254 , -163971
0.000478521 , 79.3054 , -164007
0.000473521 , 78.4853 , -164044
0.00046852 , 77.665 , -164080
0.000463521 , 76.8445 , -164117
0.000458521 , 76.0239 , -164153
0.000453521 , 75.2029 , -164189
0.000448521 , 74.382 , -164226
0.00044352 , 73.5607 , -164262
0.000438521 , 72.7393 , -164299
0.000433521 , 71.9177 , -164335
0.000428521 , 71.0959 , -164371
0.000423521 , 70.274 , -164408
0.000418521 , 69.4518 , -164444
0.000413521 , 68.6295 , -164480
0.00040852 , 67.807 , -164517
0.000403521 , 66.9844 , -164553
0.000398521 , 66.1616 , -164589
0.000393521 , 65.3385 , -164626
0.000388521 , 64.5153 , -164662
0.00038352 , 63.6918 , -164698
0.000378521 , 62.8683 , -164734
0.000373521 , 62.0446 , -164770
0.000368521 , 61.2206 , -164807
0.000363521 , 60.3965 , -164843
0.000358521 , 59.5721 , -164879
0.000353521 , 58.7477 , -164915
0.00034852 , 57.923 , -164951
0.000343521 , 57.0981 , -164987
0.000338521 , 56.2732 , -165023
0.000333521 , 55.4479 , -165059
0.000328521 , 54.6226 , -165095
0.000323521 , 53.797 , -165131
0.000318521 , 52.9712 , -165167
0.000313521 , 52.1454 , -165203
0.000308521 , 51.3192 , -165239
0.000303521 , 50.4929 , -165275
0.000298521 , 49.6664 , -165311
0.000293521 , 48.8398 , -165347
0.00028852 , 48.0129 , -165383
0.000283521 , 47.186 , -165419
0.000278521 , 46.3588 , -165455
0.000273521 , 45.5314 , -165491
0.000268521 , 44.7039 , -165527
0.000263521 , 43.8761 , -165563
0.000258521 , 43.0483 , -165598
0.00025352 , 42.2201 , -165634
0.000248521 , 41.3919 , -165670
0.000243521 , 40.5635 , -165706
0.000238521 , 39.7348 , -165742
0.000233521 , 38.9061 , -165777
0.00022852 , 38.0771 , -165813
0.000223521 , 37.2479 , -165849
0.000218521 , 36.4186 , -165884
0.000213521 , 35.5891 , -165920
0.000208521 , 34.7594 , -165956
0.000203521 , 33.9295 , -165992
0.000198521 , 33.0995 , -166027
0.00019352 , 32.2692 , -166063
0.000188521 , 31.4389 , -166098
0.000183521 , 30.6083 , -166134
0.000178521 , 29.7775 , -166170
0.000173521 , 28.9465 , -166205
0.00016852 , 28.1154 , -166241
0.000163521 , 27.2842 , -166276
0.000158521 , 26.4527 , -166312
0.000153521 , 25.621 , -166347
0.000148521 , 24.7892 , -166383
0.000143521 , 23.9572 , -166418
0.00013852 , 23.125 , -166454
0.000133521 , 22.2927 , -166489
0.000128521 , 21.4601 , -166525
0.00012352 , 20.6274 , -166560
0.000118521 , 19.7946 , -166595
0.000113521 , 18.9615 , -166631
0.000108521 , 18.1282 , -166666
0.00010352 , 17.2947 , -166701
9.85209e-05 , 16.4613 , -166737
9.35206e-05 , 15.6274 , -166772
8.85203e-05 , 14.7935 , -166807
8.3521e-05 , 13.9595 , -166843
7.85207e-05 , 13.1251 , -166878
7.35205e-05 , 12.2906 , -166913
6.85211e-05 , 11.456 , -166949
6.35209e-05 , 10.6212 , -166984
5.85206e-05 , 9.78613 , -167019
5.35203e-05 , 8.95081 , -167054
4.8521e-05 , 8.1156 , -167089
4.35207e-05 , 7.28009 , -167125
3.85204e-05 , 6.44427 , -167160
3.35211e-05 , 5.60852 , -167195
2.85208e-05 , 4.77234 , -167230
2.35206e-05 , 3.9361 , -167265
1.85203e-05 , 3.09967 , -167300
1.35209e-05 , 2.26312 , -167335
8.52067e-06 , 1.42639 , -167370
3.5204e-06 , 0.589417 , -167405
-1.47894e-06 , -0.443682 , -300000
-6.47921e-06 , -1.94376 , -300000
-1.14795e-05 , -3.44384 , -300000
-1.64798e-05 , -4.94393 , -300000
-2.14791e-05 , -6.44373 , -300000
-2.64794e-05 , -7.94381 , -300000
-3.14796e-05 , -9.44389 , -300000
-3.6479e-05 , -10.9437 , -300000
-4.14792e-05 , -12.4438 , -300000
-4.64795e-05 , -13.9439 , -300000
-5.14798e-05 , -15.4439 , -300000
-5.64791e-05 , -16.9437 , -300000
-6.14794e-05 , -18.4438 , -300000
-6.64797e-05 , -19.9439 , -300000
-7.1479e-05 , -21.4437 , -300000
-7.64793e-05 , -22.9438 , -300000
-8.14795e-05 , -24.4439 , -300000
-8.64789e-05 , -25.9437 , -300000
-9.14792e-05 , -27.4437 , -300000
-9.64794e-05 , -28.9438 , -300000
-0.00010148 , -30.4439 , -300000
-0.000106479 , -31.9437 , -300000
-0.000111479 , -33.4438 , -300000
-0.00011648 , -34.9439 , -300000
-0.000121479 , -36.4437 , -300000
-0.000126479 , -37.9438 , -300000
-0.000131479 , -39.4438 , -300000
-0.00013648 , -40.9439 , -300000
-0.000141479 , -42.4437 , -300000
-0.000146479 , -43.9438 , -300000
-0.00015148 , -45.4439 , -300000
-0.000156479 , -46.9437 , -300000
-0.000161479 , -48.4438 , -300000
-0.000166479 , -49.9438 , -300000
-0.00017148 , -51.4439 , -300000
-0.000176479 , -52.9437 , -300000
-0.000181479 , -54.4438 , -300000
-0.00018648 , -55.9439 , -300000
-0.000191479 , -57.4437 , -300000
-0.000196479 , -58.9438 , -300000
-0.00020148 , -59.2109 , 533333
-0.000206479 , -56.5446 , 533333
-0.000211479 , -53.8778 , 533333
-0.000216479 , -51.211 , 533333
-0.00022148 , -48.5442 , 533333
-0.000226479 , -45.8779 , 533333
-0.000231479 , -43.211 , 533333
-0.00023648 , -40.5442 , 533333
-0.000241479 , -37.8779 , 533333
-0.000246479 , -35.2111 , 533333
-0.000251479 , -32.5443 , 533333
-0.00025648 , -29.8775 , 533333
-0.000261479 , -27.2112 , 533333
-0.000266479 , -24.5444 , 533333
-0.00027148 , -21.8775 , 533333
-0.000276479 , -19.2112 , 533333
-0.000281479 , -16.5444 , 533333
-0.000286479 , -13.8776 , 533333
-0.00029148 , -11.2108 , 533333
-0.000296479 , -8.54448 , 533333
-0.000301479 , -5.87766 , 533333
-0.00030648 , -3.21085 , 533333
-0.000311479 , -0.54454 , 533333
-0.000316479 , 2.12227 , 533333
-0.00032148 , 4.78909 , 533333
-0.000326479 , 7.4554 , 533333
-0.000331479 , 10.1222 , 533333
-0.000336479 , 12.789 , 533333
-0.00034148 , 15.4558 , 533333
-0.000346479 , 18.1221 , 533333
-0.000351479 , 20.789 , 533333
-0.00035648 , 23.4558 , 533333
-0.000361479 , 26.1221 , 533333
-0.000366479 , 28.7889 , 533333
-0.000371479 , 31.4557 , 533333
-0.00037648 , 34.1225 , 533333
-0.000381479 , 36.7888 , 533333
-0.000386479 , 39.4557 , 533333
-0.00039148 , 42.1225 , 533333
-0.000396479 , 44.7888 , 533333
-0.000401479 , 47.4556 , 533333
-0.000406479 , 50.1224 , 533333
-0.00041148 , 52.7892 , 533333
-0.000416479 , 55.4555 , 533333
-0.000421479 , 58.1223 , 533333
-0.00042648 , 60.7892 , 533333
-0.000431479 , 63.4555 , 533333
-0.000436479 , 66.1223 , 533333
-0.000441479 , 68.7891 , 533333
-0.00044648 , 71.4559 , 533333
-0.000451479 , 74.1222 , 533333
-0.000456479 , 76.789 , 533333
-0.00046148 , 79.4558 , 533333
-0.000466479 , 82.1222 , 533333
-0.000471479 , 84.789 , 533333
-0.00047648 , 87.4558 , 533333
-0.000481479 , 90.1221 , 533333
-0.000486479 , 92.7889 , 533333
-0.000491479 , 95.4557 , 533333
-0.00049648 , 98.1225 , 533333
-0.000501479 , 99.1619 , -566667
-0.000506479 , 96.3284 , -566667
-0.00051148 , 93.4949 , -566667
-0.000516479 , 90.6619 , -566667
-0.000521479 , 87.8284 , -566667
-0.000526479 , 84.9949 , -566667
-0.00053148 , 82.1615 , -566667
-0.000536479 , 79.3285 , -566667
-0.000541479 , 76.495 , -566667
-0.00054648 , 73.6615 , -566667
-0.000551479 , 70.8286 , -566667
-0.000556479 , 67.9951 , -566667
-0.000561479 , 65.1616 , -566667
-0.00056648 , 62.3281 , -566667
-0.000571479 , 59.4951 , -566667
-0.000576479 , 56.6617 , -566667
-0.00058148 , 53.8282 , -566667
-0.000586479 , 50.9952 , -566667
-0.000591479 , 48.1617 , -566667
-0.00059648 , 45.3282 , -566667
-0.000601479 , 42.4953 , -566667
-0.000606479 , 39.6618 , -566667
-0.000611479 , 36.8283 , -566667
-0.00061648 , 33.9948 , -566667
-0.000621479 , 31.1619 , -566667
-0.000626479 , 28.3284 , -566667
-0.00063148 , 25.4949 , -566667
-0.000636479 , 22.6619 , -566667
-0.000641479 , 19.8284 , -566667
-0.000646479 , 16.9949 , -566667
-0.00065148 , 14.1615 , -566667
-0.000656479 , 11.3285 , -566667
-0.000661479 , 8.49503 , -566667
-0.00066648 , 5.66153 , -566667
-0.000671479 , 2.82855 , -566667
-0.000676479 , -0.00491333 , -566667
-0.000681479 , -2.83841 , -566667
-0.00068648 , -5.67191 , -566667
-0.000691479 , -8.50485 , -566667
-0.000696479 , -11.3383 , -566667
-0.00070148 , -14.1718 , -566667
-0.000706479 , -17.0048 , -566667
-0.000711479 , -19.8383 , -566667
-0.000716479 , -22.6718 , -566667
-0.00072148 , -25.5052 , -566667
-0.000726479 , -28.3382 , -566667
-0.000731479 , -31.1717 , -566667
-0.00073648 , -34.0052 , -566667
-0.000741479 , -36.8381 , -566667
-0.000746479 , -39.6716 , -566667
-0.00075148 , -42.5051 , -566667
-0.000756479 , -45.3381 , -566667
-0.000761479 , -48.1716 , -566667
-0.000766479 , -51.0051 , -566667
-0.00077148 , -53.8385 , -566667
-0.000776479 , -56.6715 , -566667
-0.000781479 , -59.505 , -566667
-0.00078648 , -62.3385 , -566667
-0.000791479 , -65.1714 , -566667
-0.000796479 , -68.0049 , -566667
-0.000801479 , -69.926 , 50000
-0.00080648 , -69.676 , 50000
-0.000811479 , -69.426 , 50000
-0.000816479 , -69.176 , 50000
-0.00082148 , -68.926 , 50000
-0.000826479 , -68.676 , 50000
-0.000831479 , -68.426 , 50000
-0.000836479 , -68.176 , 50000
-0.00084148 , -67.926 , 50000
-0.000846479 , -67.676 , 50000
-0.000851479 , -67.426 , 50000
-0.00085648 , -67.176 , 50000
-0.000861479 , -66.926 , 50000
-0.000866479 , -66.676 , 50000
-0.00087148 , -66.426 , 50000
-0.000876479 , -66.1761 , 50000
-0.000881479 , -65.926 , 50000
-0.000886479 , -65.676 , 50000
-0.00089148 , -65.426 , 50000
-0.000896479 , -65.176 , 50000
-0.000901479 , -64.926 , 50000
-0.00090648 , -64.676 , 50000
-0.000911479 , -64.4261 , 50000
-0.000916479 , -64.176 , 50000
-0.000921479 , -63.926 , 50000
-0.00092648 , -63.676 , 50000
-0.000931479 , -63.426 , 50000
-0.000936479 , -63.176 , 50000
-0.00094148 , -62.926 , 50000
-0.000946479 , -62.676 , 50000
-0.000951479 , -62.426 , 50000
-0.000956479 , -62.176 , 50000
-0.00096148 , -61.926 , 50000
-0.000966479 , -61.676 , 50000
-0.000971479 , -61.426 , 50000
-0.00097648 , -61.176 , 50000
-0.000981479 , -60.926 , 50000
-0.000986479 , -60.676 , 50000
-0.000991479 , -60.426 , 50000
-0.000996479 , -60.1761 , 50000
